#,—г“ «бгё——,«”г «бгё—— («дябн“н),«”г «бгё—— (Џ—»н),Џѕѕ «б”«Џ« ,«б—г“ «бёѕнг,Џѕѕ «б”«Џ«  (Џ»∆ г«бн),Џѕѕ «б”«Џ«  (Џ»∆  ”ћнб),«бябн…,«бё”г,«б«”г «б—”гн («дябн“н),«б«”г «б—”гн (Џ—»н),джЏ «бгё——,«бг” жм «бѕ—«”н,«б”«Џ«  «бгЎбж»…,«бг” жм «бгЎбж»,нЌ «ћ гж«Ёё… «бЏгнѕ!,нЌ «ћ гж«Ёё… —∆н” «бё”г!,нЌ «ћ гж«Ёё… «бг—‘ѕ!,нЌ «ћ гж«Ёё… «бгѕ—”!,г Ўб»«  «бгё——,,¬ќ— Ё’б Ў—Ќ, Ё«’нб «бгё—— («дябн“н), Ё«’нб «бгё—— (Џ—»н),«б«ќ ’«’,«бябн… (Ќ”» «б«ќ ’«’),джЏ «бг Ўб»,,«”г «бг Ўб»,«б”«Џ«  «бгЎбж»… Ён «бг Ўб», — н» «б”д…, — н» «бЁ’б,г Ўб»«  «бгё—— »Ќ”» «б«ќ ’«’
1, PHR 209, Histology and Anatomy,  ‘—нЌ жд”ћ,3, PHRF209,3,3, ябн… «б’нѕб…, ё”г ябн… «б’нѕб…, Histology and Anatomy,  ‘—нЌ жд”ћ, дў—н ж Џгбн, ”д… √жбм, , , N, N, N, N," »нжбжћн« 1 [PHBM 149], »нжбжћн« 2 [PHBM 250]","PHBM 149,PHBM 250", «бЁ’б «б’нЁн  2024/2025, , , »я«бж—нж” Ён «б’нѕб… ж «бянгн«Ѕ «б’нѕб«дн…, ябн… «б’нѕб…, г Ўб»«  «бябн… «б≈ћ»«—н… (32),college_required, г Ўб»«  «бябн… «б≈ћ»«—н… (ябн… «б’нѕб…), ,1,2," »нжбжћн« 1 [PHBM 149], »нжбжћн« 2 [PHBM 250]"
2, PHR 310, English Language (3), «ббџ… «б≈дябн“н… (3),2, PHRF310,2,2, ябн… «б’нѕб…, ё”г ябн… «б’нѕб…, English Language (3), «ббџ… «б≈дябн“н… (3), дў—н, ”д… Ћ«дн…, , , N, N, N, N, «ббџ… «б≈дябн“н… (2) [RQU 207],RQU 207, «бЁ’б «б’нЁн  2024/2025, , , »я«бж—нж” Ён «б’нѕб… ж «бянгн«Ѕ «б’нѕб«дн…, ябн… «б’нѕб…, г Ўб»«  «бябн… «б≈ћ»«—н… (32),college_required, г Ўб»«  «бябн… «б≈ћ»«—н… (ябн… «б’нѕб…), ,2,1, «ббџ… «б≈дябн“н… (2) [RQU 207]
3, PHR 319, Physiology and Pathological Physiology, Ён“нжбжћн« жЁн“нжбжћн« г—÷н…,3, PHRF019,3,3, ябн… «б’нѕб…, ё”г ябн… «б’нѕб…, Physiology and Pathological Physiology, Ён“нжбжћн« жЁн“нжбжћн« г—÷н…, дў—н ж Џгбн, ”д… Ћ«дн…, , , N, N, N, N,  ‘—нЌ жд”ћ [PHR 209],PHR 209, «бЁ’б «б’нЁн  2024/2025, , , »я«бж—нж” Ён «б’нѕб… ж «бянгн«Ѕ «б’нѕб«дн…, ябн… «б’нѕб…, г Ўб»«  «бябн… «б≈ћ»«—н… (32),college_required, г Ўб»«  «бябн… «б≈ћ»«—н… (ябн… «б’нѕб…), ,2,1,  ‘—нЌ жд”ћ [PHR 209]
4, PHR 405, Internship 1, гб«“г… 1,1, PHRF405,1,1, ябн… «б’нѕб…, ё”г ябн… «б’нѕб…, Internship 1, гб«“г… 1, дў—н, ”д… Ћ«дн…,60, , N, N, N, N, ,, «бЁ’б «б’нЁн  2024/2025, , , »я«бж—нж” Ён «б’нѕб… ж «бянгн«Ѕ «б’нѕб«дн…, ябн… «б’нѕб…, г Ўб»«  «бябн… «б≈ћ»«—н… (32),college_required, г Ўб»«  «бябн… «б≈ћ»«—н… (ябн… «б’нѕб…),60,2,2, 
5, PHR 420, Cosmetics, г” Ќ÷—«   ћгнбн…,3, PHRF420,3,3, ябн… «б’нѕб…, ё”г ябн… «б’нѕб…, Cosmetics, г” Ќ÷—«   ћгнбн…, дў—н ж Џгбн, ”д… Ћ«дн…, , , N, N, N, N, ’нѕб«дн«  1 [PHPT 436],PHPT 436, «бЁ’б «б’нЁн  2024/2025, , , »я«бж—нж” Ён «б’нѕб… ж «бянгн«Ѕ «б’нѕб«дн…, ябн… «б’нѕб…, г Ўб»«  «бябн… «б≈ћ»«—н… (32),college_required, г Ўб»«  «бябн… «б≈ћ»«—н… (ябн… «б’нѕб…), ,2,2, ’нѕб«дн«  1 [PHPT 436]
6, PHR 512, Pathology, Џбг «б√г—«÷,2, PHRF512,2,2, ябн… «б’нѕб…, ё”г ябн… «б’нѕб…, Pathology, Џбг «б√г—«÷, дў—н, ”д… Ћ«бЋ…, , , N, N, N, N, Ён“нжбжћн« жЁн“нжбжћн« г—÷н… [PHR 319],PHR 319, «бЁ’б «б’нЁн  2024/2025, , , »я«бж—нж” Ён «б’нѕб… ж «бянгн«Ѕ «б’нѕб«дн…, ябн… «б’нѕб…, г Ўб»«  «бябн… «б≈ћ»«—н… (32),college_required, г Ўб»«  «бябн… «б≈ћ»«—н… (ябн… «б’нѕб…), ,3,1, Ён“нжбжћн« жЁн“нжбжћн« г—÷н… [PHR 319]
7, PHR 718, Pharmaceutical Biotechnology, «б ё«д… «бЌнжн… «б’нѕб«дн…,2, PHRF018,2,2, ябн… «б’нѕб…, ё”г ябн… «б’нѕб…, Pharmaceutical Biotechnology, «б ё«д… «бЌнжн… «б’нѕб«дн…, дў—н, ”д… —«»Џ…, , , N, N, N, N," »нжбжћн« 1 [PHBM 149], »нжбжћн« 2 [PHBM 250]","PHBM 149,PHBM 250", «бЁ’б «б’нЁн  2024/2025, , , »я«бж—нж” Ён «б’нѕб… ж «бянгн«Ѕ «б’нѕб«дн…, ябн… «б’нѕб…, г Ўб»«  «бябн… «б≈ћ»«—н… (32),college_required, г Ўб»«  «бябн… «б≈ћ»«—н… (ябн… «б’нѕб…), ,4,1," »нжбжћн« 1 [PHBM 149], »нжбжћн« 2 [PHBM 250]"
8, PHR 913, Internship 2, гб«“г… 2,1, PHRF913,1,1, ябн… «б’нѕб…, ё”г ябн… «б’нѕб…, Internship 2, гб«“г… 2, дў—н, ”д… ќ«г”…,120, , N, N, N, N, ,, «бЁ’б «б’нЁн  2024/2025, , , »я«бж—нж” Ён «б’нѕб… ж «бянгн«Ѕ «б’нѕб«дн…, ябн… «б’нѕб…, г Ўб»«  «бябн… «б≈ћ»«—н… (32),college_required, г Ўб»«  «бябн… «б≈ћ»«—н… (ябн… «б’нѕб…),120,5,1, 
9, PHR 914, Research Project, г‘—жЏ «б ќ—ћ,2, PHRF914,2,2, ябн… «б’нѕб…, ё”г ябн… «б’нѕб…, Research Project, г‘—жЏ «б ќ—ћ, дў—н, ”д… ќ«г”…,120, , N, N, N, N, ,, «бЁ’б «б’нЁн  2024/2025, , , »я«бж—нж” Ён «б’нѕб… ж «бянгн«Ѕ «б’нѕб«дн…, ябн… «б’нѕб…, г Ўб»«  «бябн… «б≈ћ»«—н… (32),college_required, г Ўб»«  «бябн… «б≈ћ»«—н… (ябн… «б’нѕб…),120,5,1, 
10, PHE1, Marketing and Pharmacoeconomics,  —жнћ ж ”жнё ж«ё ’«ѕ ’нѕб«дн,2, PHRF100,2,2, ябн… «б’нѕб…, ё”г ябн… «б’нѕб…, Marketing and Pharmacoeconomics,  —жнћ ж ”жнё ж«ё ’«ѕ ’нѕб«дн, дў—н, ”д… √жбм, , , N, N, N, N," Џбг «б≈ѕ«—… [RQUE1], Џбг «бдЁ” [RQUE5]","RQUE1,RQUE5", «бЁ’б «б’нЁн  2024/2025, , , »я«бж—нж” Ён «б’нѕб… ж «бянгн«Ѕ «б’нѕб«дн…, ябн… «б’нѕб…, г Ўб»«  «бябн… «б«ќ н«—н… (10),college_elective, г Ўб»«  «бябн… «б«ќ н«—н… (ябн… «б’нѕб…), ,3,2," Џбг «б≈ѕ«—… [RQUE1], Џбг «бдЁ” [RQUE5]"
11, PHE2, Nutrition and Diet,  џ–н… жЌгн« ,2, PHRF200,2,2, ябн… «б’нѕб…, ё”г ябн… «б’нѕб…, Nutrition and Diet,  џ–н… жЌгн« , дў—н, ”д… √жбм, , , N, N, N, N, янгн«Ѕ «б√џ–н… жг—«ё» е« [PHAC 855],PHAC 855, «бЁ’б «б’нЁн  2024/2025, , , »я«бж—нж” Ён «б’нѕб… ж «бянгн«Ѕ «б’нѕб«дн…, ябн… «б’нѕб…, г Ўб»«  «бябн… «б«ќ н«—н… (10),college_elective, г Ўб»«  «бябн… «б«ќ н«—н… (ябн… «б’нѕб…), ,3,2, янгн«Ѕ «б√џ–н… жг—«ё» е« [PHAC 855]
12, PHE3, Pharmaceutical Terminology-1, г’ЎбЌ«  ’нѕб«дн… »«ббџ… «б≈дябн“н…,2, PHRF300,2,2, ябн… «б’нѕб…, ё”г ябн… «б’нѕб…, Pharmaceutical Terminology-1, г’ЎбЌ«  ’нѕб«дн… »«ббџ… «б≈дябн“н…, дў—н, ”д… Ћ«дн…, , , N, N, N, N, «ббџ… «б≈дябн“н… (3) [PHR 310],PHR 310, «бЁ’б «б’нЁн  2024/2025, , , »я«бж—нж” Ён «б’нѕб… ж «бянгн«Ѕ «б’нѕб«дн…, ябн… «б’нѕб…, г Ўб»«  «бябн… «б«ќ н«—н… (10),college_elective, г Ўб»«  «бябн… «б«ќ н«—н… (ябн… «б’нѕб…), ,4,1, «ббџ… «б≈дябн“н… (3) [PHR 310]
13, PHE4, Public health and environmental pollution, «б’Ќ… «бЏ«г… ж бжЋ «б»н∆…,2, PHRF400,2,2, ябн… «б’нѕб…, ё”г ябн… «б’нѕб…, Public health and environmental pollution, «б’Ќ… «бЏ«г… ж бжЋ «б»н∆…, дў—н, ”д… Ћ«дн…, , , N, N, N, N," Џбг «б√г—«÷ [PHR 512], Џбг «б”гжг «бЏ«г [PHPP 741]","PHR 512,PHPP 741", «бЁ’б «б’нЁн  2024/2025, , , »я«бж—нж” Ён «б’нѕб… ж «бянгн«Ѕ «б’нѕб«дн…, ябн… «б’нѕб…, г Ўб»«  «бябн… «б«ќ н«—н… (10),college_elective, г Ўб»«  «бябн… «б«ќ н«—н… (ябн… «б’нѕб…), ,4,1," Џбг «б√г—«÷ [PHR 512], Џбг «б”гжг «бЏ«г [PHPP 741]"
14, PHE5, Second Foreign Languages, бџ… √ћд»н… Ћ«дн…(Ё—д”н - √бг«дн - «”»«дн),2, PHRF500,2,2, ябн… «б’нѕб…, ё”г ябн… «б’нѕб…, Second Foreign Languages, бџ… √ћд»н… Ћ«дн…(Ё—д”н - √бг«дн - «”»«дн), дў—н, ”д… Ћ«бЋ…, , , N, N, N, N," «ббџ… «б≈дябн“н… (1) [RQU101], «ббџ… «б≈дябн“н… (2) [RQU 207], «ббџ… «б≈дябн“н… (3) [PHR 310]","RQU101,RQU 207,PHR 310", «бЁ’б «б’нЁн  2024/2025, , , »я«бж—нж” Ён «б’нѕб… ж «бянгн«Ѕ «б’нѕб«дн…, ябн… «б’нѕб…, г Ўб»«  «бябн… «б«ќ н«—н… (10),college_elective, г Ўб»«  «бябн… «б«ќ н«—н… (ябн… «б’нѕб…), ,4,2," «ббџ… «б≈дябн“н… (1) [RQU101], «ббџ… «б≈дябн“н… (2) [RQU 207], «ббџ… «б≈дябн“н… (3) [PHR 310]"
15, PHE6, Comunications Skills, ге«—«  «б ж«’б,2, PHRF600,2,2, ябн… «б’нѕб…, ё”г ябн… «б’нѕб…, Comunications Skills, ге«—«  «б ж«’б, дў—н, ”д… Ћ«бЋ…, , , N, N, N, N, «бгдЎё «бЏбгн [RQUE3],RQUE3, «бЁ’б «б’нЁн  2024/2025, , , »я«бж—нж” Ён «б’нѕб… ж «бянгн«Ѕ «б’нѕб«дн…, ябн… «б’нѕб…, г Ўб»«  «бябн… «б«ќ н«—н… (10),college_elective, г Ўб»«  «бябн… «б«ќ н«—н… (ябн… «б’нѕб…), ,4,2, «бгдЎё «бЏбгн [RQUE3]
16, PHE7, Behavioral psychology, «б”бжя «бдЁ”н «бгедн,2, PHRF700,2,2, ябн… «б’нѕб…, ё”г ябн… «б’нѕб…, Behavioral psychology, «б”бжя «бдЁ”н «бгедн, дў—н, ”д… —«»Џ…, , , N, N, N, N, ,, «бЁ’б «б’нЁн  2024/2025, , , »я«бж—нж” Ён «б’нѕб… ж «бянгн«Ѕ «б’нѕб«дн…, ябн… «б’нѕб…, г Ўб»«  «бябн… «б«ќ н«—н… (10),college_elective, г Ўб»«  «бябн… «б«ќ н«—н… (ябн… «б’нѕб…), ,5,2, 
17, PHAC 358, Pharmaceutical Physical Chemistry, янгн«Ѕ Ён“н«∆н… ’нѕб«дн…,3, PHAC358,3,3, ябн… «б’нѕб…, ё”г «бянгн«Ѕ «б Ќбнбн… ж«бџ–«∆н…, Pharmaceutical Physical Chemistry, янгн«Ѕ Ён“н«∆н… ’нѕб«дн…, дў—н ж Џгбн, ”д… Ћ«дн…, , , N, N, N, N, Ён“н«Ѕ Џ«г… [PHR 206],PHR 206, «бЁ’б «б’нЁн  2024/2025, , , »я«бж—нж” Ён «б’нѕб… ж «бянгн«Ѕ «б’нѕб«дн…, , г Ўб»«  «б‘е«ѕ… «б≈ћ»«—н… (116),degree_required, г Ўб»«  «б‘е«ѕ… «б≈ћ»«—н… (»я«бж—нж” Ён «б’нѕб… ж «бянгн«Ѕ «б’нѕб«дн…), ,2,1, Ён“н«Ѕ Џ«г… [PHR 206]
18, PHAC 359, Pharmaceutical Analytical Chemistry 1, янгн«Ѕ  Ќбнбн… ’нѕб«дн… 1,3, PHAC359,3,3, ябн… «б’нѕб…, ё”г «бянгн«Ѕ «б Ќбнбн… ж«бџ–«∆н…, Pharmaceutical Analytical Chemistry 1, янгн«Ѕ  Ќбнбн… ’нѕб«дн… 1, дў—н ж Џгбн, ”д… Ћ«дн…, , , N, N, N, N, янгн«Ѕ Џ«г… жб«Џ÷жн… [PHCC 121],PHCC 121, «бЁ’б «б’нЁн  2024/2025, , , »я«бж—нж” Ён «б’нѕб… ж «бянгн«Ѕ «б’нѕб«дн…, , г Ўб»«  «б‘е«ѕ… «б≈ћ»«—н… (116),degree_required, г Ўб»«  «б‘е«ѕ… «б≈ћ»«—н… (»я«бж—нж” Ён «б’нѕб… ж «бянгн«Ѕ «б’нѕб«дн…), ,2,1, янгн«Ѕ Џ«г… жб«Џ÷жн… [PHCC 121]
19, PHAC 457, Pharmaceutical Analytical Chemistry 2, янгн«Ѕ  Ќбнбн… ’нѕб«дн… 2,3, PHAC457,3,3, ябн… «б’нѕб…, ё”г «бянгн«Ѕ «б Ќбнбн… ж«бџ–«∆н…, Pharmaceutical Analytical Chemistry 2, янгн«Ѕ  Ќбнбн… ’нѕб«дн… 2, дў—н ж Џгбн, ”д… Ћ«дн…, , , N, N, N, N, янгн«Ѕ  Ќбнбн… ’нѕб«дн… 1 [PHAC 359],PHAC 359, «бЁ’б «б’нЁн  2024/2025, , , »я«бж—нж” Ён «б’нѕб… ж «бянгн«Ѕ «б’нѕб«дн…, , г Ўб»«  «б‘е«ѕ… «б≈ћ»«—н… (116),degree_required, г Ўб»«  «б‘е«ѕ… «б≈ћ»«—н… (»я«бж—нж” Ён «б’нѕб… ж «бянгн«Ѕ «б’нѕб«дн…), ,2,2, янгн«Ѕ  Ќбнбн… ’нѕб«дн… 1 [PHAC 359]
20, PHAC 556, Instrumental Analysis,  Ќбнб «бн,3, PHAC556,3,3, ябн… «б’нѕб…, ё”г «бянгн«Ѕ «б Ќбнбн… ж«бџ–«∆н…, Instrumental Analysis,  Ќбнб «бн, дў—н ж Џгбн, ”д… Ћ«бЋ…, , , N, N, N, N, янгн«Ѕ  Ќбнбн… ’нѕб«дн… 2 [PHAC 457],PHAC 457, «бЁ’б «б’нЁн  2024/2025, , , »я«бж—нж” Ён «б’нѕб… ж «бянгн«Ѕ «б’нѕб«дн…, , г Ўб»«  «б‘е«ѕ… «б≈ћ»«—н… (116),degree_required, г Ўб»«  «б‘е«ѕ… «б≈ћ»«—н… (»я«бж—нж” Ён «б’нѕб… ж «бянгн«Ѕ «б’нѕб«дн…), ,3,1, янгн«Ѕ  Ќбнбн… ’нѕб«дн… 2 [PHAC 457]
21, PHAC 855, od Chemistry and Monitoring, янгн«Ѕ «б√џ–н… жг—«ё» е«,3, PHAC855,3,3, ябн… «б’нѕб…, ё”г «бянгн«Ѕ «б Ќбнбн… ж«бџ–«∆н…, od Chemistry and Monitoring, янгн«Ѕ «б√џ–н… жг—«ё» е«, дў—н ж Џгбн, ”д… —«»Џ…, , , N, N, N, N, янгн«Ѕ  Ќбнбн… ’нѕб«дн… 2 [PHAC 457],PHAC 457, «бЁ’б «б’нЁн  2024/2025, , , »я«бж—нж” Ён «б’нѕб… ж «бянгн«Ѕ «б’нѕб«дн…, , г Ўб»«  «б‘е«ѕ… «б≈ћ»«—н… (116),degree_required, г Ўб»«  «б‘е«ѕ… «б≈ћ»«—н… (»я«бж—нж” Ён «б’нѕб… ж «бянгн«Ѕ «б’нѕб«дн…), ,4,2, янгн«Ѕ  Ќбнбн… ’нѕб«дн… 2 [PHAC 457]
22, PHBM 149, biology 1, »нжбжћн« 1,3, PHBM149,3,3, ябн… «б’нѕб…, ё”г «бянгн«Ѕ «бЌнжн… ж«б√Ќн«Ѕ «бѕёнё…, biology 1, »нжбжћн« 1, дў—н ж Џгбн, ”д… √жбм, , , N, N, N, N, ,, «бЁ’б «бЋ«дн  2024/2025, , , »я«бж—нж” Ён «б’нѕб… ж «бянгн«Ѕ «б’нѕб«дн…, , г Ўб»«  «б‘е«ѕ… «б≈ћ»«—н… (116),degree_required, г Ўб»«  «б‘е«ѕ… «б≈ћ»«—н… (»я«бж—нж” Ён «б’нѕб… ж «бянгн«Ѕ «б’нѕб«дн…), ,1,1, 
23, PHBM 250, biology 2, »нжбжћн« 2,3, PHBM250,3,3, ябн… «б’нѕб…, ё”г «бянгн«Ѕ «бЌнжн… ж«б√Ќн«Ѕ «бѕёнё…, biology 2, »нжбжћн« 2, дў—н ж Џгбн, ”д… √жбм, , , N, N, N, N, »нжбжћн« 1 [PHBM 149],PHBM 149, «бЁ’б «бЋ«дн  2024/2025, , , »я«бж—нж” Ён «б’нѕб… ж «бянгн«Ѕ «б’нѕб«дн…, , г Ўб»«  «б‘е«ѕ… «б≈ћ»«—н… (116),degree_required, г Ўб»«  «б‘е«ѕ… «б≈ћ»«—н… (»я«бж—нж” Ён «б’нѕб… ж «бянгн«Ѕ «б’нѕб«дн…), ,1,2, »нжбжћн« 1 [PHBM 149]
24, PHBM 453, General Biochemistry 1, янгн«Ѕ Ќнжн… Џ«г… 1,3, PHBM453,3,3, ябн… «б’нѕб…, ё”г «бянгн«Ѕ «бЌнжн… ж«б√Ќн«Ѕ «бѕёнё…, General Biochemistry 1, янгн«Ѕ Ќнжн… Џ«г… 1, дў—н ж Џгбн, ”д… Ћ«дн…, , , N, N, N, N, янгн«Ѕ Џ÷жн… ’нѕб«дн… 1 [PHCC225],PHCC225, «бЁ’б «бЋ«дн  2024/2025, , , »я«бж—нж” Ён «б’нѕб… ж «бянгн«Ѕ «б’нѕб«дн…, , г Ўб»«  «б‘е«ѕ… «б≈ћ»«—н… (116),degree_required, г Ўб»«  «б‘е«ѕ… «б≈ћ»«—н… (»я«бж—нж” Ён «б’нѕб… ж «бянгн«Ѕ «б’нѕб«дн…), ,2,2, янгн«Ѕ Џ÷жн… ’нѕб«дн… 1 [PHCC225]
25, PHBM 552, General Biochemistry 2, янгн«Ѕ Ќнжн… Џ«г… 2,3, PHBM552,3,3, ябн… «б’нѕб…, ё”г «бянгн«Ѕ «бЌнжн… ж«б√Ќн«Ѕ «бѕёнё…, General Biochemistry 2, янгн«Ѕ Ќнжн… Џ«г… 2, дў—н ж Џгбн, ”д… Ћ«бЋ…, , , N, N, N, N, янгн«Ѕ Ќнжн… Џ«г… 1 [PHBM 453],PHBM 453, «бЁ’б «б’нЁн  2024/2025, , , »я«бж—нж” Ён «б’нѕб… ж «бянгн«Ѕ «б’нѕб«дн…, , г Ўб»«  «б‘е«ѕ… «б≈ћ»«—н… (116),degree_required, г Ўб»«  «б‘е«ѕ… «б≈ћ»«—н… (»я«бж—нж” Ён «б’нѕб… ж «бянгн«Ѕ «б’нѕб«дн…), ,3,1, янгн«Ѕ Ќнжн… Џ«г… 1 [PHBM 453]
26, PHBM 654, Microbiology 1, гня—ж»нжбжћн« 1,4, PHBM654,4,4, ябн… «б’нѕб…, ё”г «бянгн«Ѕ «бЌнжн… ж«б√Ќн«Ѕ «бѕёнё…, Microbiology 1, гня—ж»нжбжћн« 1, дў—н ж Џгбн, ”д… Ћ«бЋ…, , , N, N, N, N," »нжбжћн« 1 [PHBM 149], »нжбжћн« 2 [PHBM 250]","PHBM 149,PHBM 250", «бЁ’б «бЋ«дн  2024/2025, , , »я«бж—нж” Ён «б’нѕб… ж «бянгн«Ѕ «б’нѕб«дн…, , г Ўб»«  «б‘е«ѕ… «б≈ћ»«—н… (116),degree_required, г Ўб»«  «б‘е«ѕ… «б≈ћ»«—н… (»я«бж—нж” Ён «б’нѕб… ж «бянгн«Ѕ «б’нѕб«дн…), ,3,2," »нжбжћн« 1 [PHBM 149], »нжбжћн« 2 [PHBM 250]"
27, PHBM 751, Microbiology 2, гня—ж»нжбжћн« 2,4, PHBM751,4,4, ябн… «б’нѕб…, ё”г «бянгн«Ѕ «бЌнжн… ж«б√Ќн«Ѕ «бѕёнё…, Microbiology 2, гня—ж»нжбжћн« 2, дў—н ж Џгбн, ”д… —«»Џ…, , , N, N, N, N, гня—ж»нжбжћн« 1 [PHBM 654],PHBM 654, «бЁ’б «б’нЁн  2024/2025, , , »я«бж—нж” Ён «б’нѕб… ж «бянгн«Ѕ «б’нѕб«дн…, , г Ўб»«  «б‘е«ѕ… «б≈ћ»«—н… (116),degree_required, г Ўб»«  «б‘е«ѕ… «б≈ћ»«—н… (»я«бж—нж” Ён «б’нѕб… ж «бянгн«Ѕ «б’нѕб«дн…), ,4,1, гня—ж»нжбжћн« 1 [PHBM 654]
28, PHBM 848, Clinical Biochemistry, янгн«Ѕ Ќнжн… ”—н—н…,3, PHBM848,3,3, ябн… «б’нѕб…, ё”г «бянгн«Ѕ «бЌнжн… ж«б√Ќн«Ѕ «бѕёнё…, Clinical Biochemistry, янгн«Ѕ Ќнжн… ”—н—н…, дў—н ж Џгбн, ”д… —«»Џ…, , , N, N, N, N, янгн«Ѕ Ќнжн… Џ«г… 2 [PHBM 552],PHBM 552, «бЁ’б «б’нЁн  2024/2025, , , »я«бж—нж” Ён «б’нѕб… ж «бянгн«Ѕ «б’нѕб«дн…, , г Ўб»«  «б‘е«ѕ… «б≈ћ»«—н… (116),degree_required, г Ўб»«  «б‘е«ѕ… «б≈ћ»«—н… (»я«бж—нж” Ён «б’нѕб… ж «бянгн«Ѕ «б’нѕб«дн…), ,4,2, янгн«Ѕ Ќнжн… Џ«г… 2 [PHBM 552]
29, PHBM 947, Hematology and Immunology, ѕгжн«  жгд«Џн« ,4, PHBM947,4,4, ябн… «б’нѕб…, ё”г «бянгн«Ѕ «бЌнжн… ж«б√Ќн«Ѕ «бѕёнё…, Hematology and Immunology, ѕгжн«  жгд«Џн« , дў—н ж Џгбн, ”д… ќ«г”…, , , N, N, N, N, »нжбжћн« 2 [PHBM 250],PHBM 250, «бЁ’б «б’нЁн  2024/2025, , , »я«бж—нж” Ён «б’нѕб… ж «бянгн«Ѕ «б’нѕб«дн…, , г Ўб»«  «б‘е«ѕ… «б≈ћ»«—н… (116),degree_required, г Ўб»«  «б‘е«ѕ… «б≈ћ»«—н… (»я«бж—нж” Ён «б’нѕб… ж «бянгн«Ѕ «б’нѕб«дн…), ,5,1, »нжбжћн« 2 [PHBM 250]
30, PHCC 022, Drug Synthesis, «’Ўд«Џ ѕж«∆н,3, PHCC022,3,3, ябн… «б’нѕб…, ё”г «бянгн«Ѕ «б’нѕбн… ж«бг—«ё»… «бѕж«∆н…, Drug Synthesis, «’Ўд«Џ ѕж«∆н, дў—н ж Џгбн, ”д… ќ«г”…, , , N, N, N, N, янгн«Ѕ Џ÷жн… ’нѕб«дн… 2 [PHCC 326],PHCC 326, «бЁ’б «б’нЁн  2024/2025, , , »я«бж—нж” Ён «б’нѕб… ж «бянгн«Ѕ «б’нѕб«дн…, , г Ўб»«  «б‘е«ѕ… «б≈ћ»«—н… (116),degree_required, г Ўб»«  «б‘е«ѕ… «б≈ћ»«—н… (»я«бж—нж” Ён «б’нѕб… ж «бянгн«Ѕ «б’нѕб«дн…), ,5,2, янгн«Ѕ Џ÷жн… ’нѕб«дн… 2 [PHCC 326]
31, PHCC 121, General and Inorganic Chemistry, янгн«Ѕ Џ«г… жб«Џ÷жн…,3, PHCC121,3,3, ябн… «б’нѕб…, ё”г «бянгн«Ѕ «б’нѕбн… ж«бг—«ё»… «бѕж«∆н…, General and Inorganic Chemistry, янгн«Ѕ Џ«г… жб«Џ÷жн…, дў—н ж Џгбн, ”д… √жбм, , , N, N, N, N, ,, «бЁ’б «бЋ«дн  2024/2025, , , »я«бж—нж” Ён «б’нѕб… ж «бянгн«Ѕ «б’нѕб«дн…, , г Ўб»«  «б‘е«ѕ… «б≈ћ»«—н… (116),degree_required, г Ўб»«  «б‘е«ѕ… «б≈ћ»«—н… (»я«бж—нж” Ён «б’нѕб… ж «бянгн«Ѕ «б’нѕб«дн…), ,1,1, 
32, PHCC 326, Pharmaceutical Organic Chemistry 2, янгн«Ѕ Џ÷жн… ’нѕб«дн… 2,3, PHCC326,3,3, ябн… «б’нѕб…, ё”г «бянгн«Ѕ «б’нѕбн… ж«бг—«ё»… «бѕж«∆н…, Pharmaceutical Organic Chemistry 2, янгн«Ѕ Џ÷жн… ’нѕб«дн… 2, дў—н ж Џгбн, ”д… Ћ«дн…, , , N, N, N, N, янгн«Ѕ Џ÷жн… ’нѕб«дн… 1 [PHCC225],PHCC225, «бЁ’б «б’нЁн  2024/2025, , , »я«бж—нж” Ён «б’нѕб… ж «бянгн«Ѕ «б’нѕб«дн…, , г Ўб»«  «б‘е«ѕ… «б≈ћ»«—н… (116),degree_required, г Ўб»«  «б‘е«ѕ… «б≈ћ»«—н… (»я«бж—нж” Ён «б’нѕб… ж «бянгн«Ѕ «б’нѕб«дн…), ,2,1, янгн«Ѕ Џ÷жн… ’нѕб«дн… 1 [PHCC225]
33, PHCC 629, Pharmaceutical Medicinal Chemistry -1, янгн«Ѕ ѕж«∆н… ’нѕб«дн… 1,4, PHCC629,4,4, ябн… «б’нѕб…, ё”г «бянгн«Ѕ «б’нѕбн… ж«бг—«ё»… «бѕж«∆н…, Pharmaceutical Medicinal Chemistry -1, янгн«Ѕ ѕж«∆н… ’нѕб«дн… 1, дў—н ж Џгбн, ”д… Ћ«бЋ…, , , N, N, N, N," Џбг «б√ѕжн… 1 [PHPP 543], янгн«Ѕ Џ÷жн… ’нѕб«дн… 2 [PHCC 326]","PHPP 543,PHCC 326", «бЁ’б «б’нЁн  2024/2025, , , »я«бж—нж” Ён «б’нѕб… ж «бянгн«Ѕ «б’нѕб«дн…, , г Ўб»«  «б‘е«ѕ… «б≈ћ»«—н… (116),degree_required, г Ўб»«  «б‘е«ѕ… «б≈ћ»«—н… (»я«бж—нж” Ён «б’нѕб… ж «бянгн«Ѕ «б’нѕб«дн…), ,3,2," Џбг «б√ѕжн… 1 [PHPP 543], янгн«Ѕ Џ÷жн… ’нѕб«дн… 2 [PHCC 326]"
34, PHCC 728, Pharmaceutical Medicinal Chemistry -2, янгн«Ѕ ѕж«∆н… ’нѕб«дн… 2,4, PHCC728,4,4, ябн… «б’нѕб…, ё”г «бянгн«Ѕ «б’нѕбн… ж«бг—«ё»… «бѕж«∆н…, Pharmaceutical Medicinal Chemistry -2, янгн«Ѕ ѕж«∆н… ’нѕб«дн… 2, дў—н ж Џгбн, ”д… —«»Џ…, , , N, N, N, N, янгн«Ѕ ѕж«∆н… ’нѕб«дн… 1 [PHCC 629],PHCC 629, «бЁ’б «б’нЁн  2024/2025, , , »я«бж—нж” Ён «б’нѕб… ж «бянгн«Ѕ «б’нѕб«дн…, , г Ўб»«  «б‘е«ѕ… «б≈ћ»«—н… (116),degree_required, г Ўб»«  «б‘е«ѕ… «б≈ћ»«—н… (»я«бж—нж” Ён «б’нѕб… ж «бянгн«Ѕ «б’нѕб«дн…), ,4,1, янгн«Ѕ ѕж«∆н… ’нѕб«дн… 1 [PHCC 629]
35, PHCC 924, Advanced Pharmaceutical Medicinal Chemistry, янгн«Ѕ ѕж«∆н… ’нѕб«дн… г ёѕг…,3, PHCC924,3,3, ябн… «б’нѕб…, ё”г «бянгн«Ѕ «б’нѕбн… ж«бг—«ё»… «бѕж«∆н…, Advanced Pharmaceutical Medicinal Chemistry, янгн«Ѕ ѕж«∆н… ’нѕб«дн… г ёѕг…, дў—н ж Џгбн, ”д… Ћ«дн…, , , N, N, N, N, янгн«Ѕ ѕж«∆н… ’нѕб«дн… 2 [PHCC 728],PHCC 728, «бЁ’б «б’нЁн  2024/2025, , , »я«бж—нж” Ён «б’нѕб… ж «бянгн«Ѕ «б’нѕб«дн…, , г Ўб»«  «б‘е«ѕ… «б≈ћ»«—н… (116),degree_required, г Ўб»«  «б‘е«ѕ… «б≈ћ»«—н… (»я«бж—нж” Ён «б’нѕб… ж «бянгн«Ѕ «б’нѕб«дн…), ,5,1, янгн«Ѕ ѕж«∆н… ’нѕб«дн… 2 [PHCC 728]
36, PHCC 927, Quality Control of Medicaments, г—«ё»… «б√ѕжн…,3, PHCC927,3,3, ябн… «б’нѕб…, ё”г «бянгн«Ѕ «б’нѕбн… ж«бг—«ё»… «бѕж«∆н…, Quality Control of Medicaments, г—«ё»… «б√ѕжн…, дў—н ж Џгбн, ”д… ќ«г”…, , , N, N, N, N,"  Ќбнб «бн [PHAC 556], янгн«Ѕ ѕж«∆н… ’нѕб«дн… 2 [PHCC 728]","PHAC 556,PHCC 728", «бЁ’б «б’нЁн  2024/2025, , , »я«бж—нж” Ён «б’нѕб… ж «бянгн«Ѕ «б’нѕб«дн…, , г Ўб»«  «б‘е«ѕ… «б≈ћ»«—н… (116),degree_required, г Ўб»«  «б‘е«ѕ… «б≈ћ»«—н… (»я«бж—нж” Ён «б’нѕб… ж «бянгн«Ѕ «б’нѕб«дн…), ,5,1,"  Ќбнб «бн [PHAC 556], янгн«Ѕ ѕж«∆н… ’нѕб«дн… 2 [PHCC 728]"
37, PHCC023, Drug Modeling and design, дг–ћ… ж ’гнг «бѕж«Ѕ,3, PHCC023,3,3, ябн… «б’нѕб…, ё”г «бянгн«Ѕ «б’нѕбн… ж«бг—«ё»… «бѕж«∆н…, Drug Modeling and design, дг–ћ… ж ’гнг «бѕж«Ѕ, дў—н, ”д… ќ«г”…, , , N, N, N, N, янгн«Ѕ ѕж«∆н… ’нѕб«дн… г ёѕг… [PHCC 924],PHCC 924, «бЁ’б «б’нЁн  2024/2025, , , »я«бж—нж” Ён «б’нѕб… ж «бянгн«Ѕ «б’нѕб«дн…, , г Ўб»«  «б‘е«ѕ… «б≈ћ»«—н… (116),degree_required, г Ўб»«  «б‘е«ѕ… «б≈ћ»«—н… (»я«бж—нж” Ён «б’нѕб… ж «бянгн«Ѕ «б’нѕб«дн…), ,5,2, янгн«Ѕ ѕж«∆н… ’нѕб«дн… г ёѕг… [PHCC 924]
38, PHCC225, Pharmaceutical Organic Chemistry 1, янгн«Ѕ Џ÷жн… ’нѕб«дн… 1,3, PHCC225,3,3, ябн… «б’нѕб…, ё”г «бянгн«Ѕ «б’нѕбн… ж«бг—«ё»… «бѕж«∆н…, Pharmaceutical Organic Chemistry 1, янгн«Ѕ Џ÷жн… ’нѕб«дн… 1, дў—н ж Џгбн, ”д… √жбм, , , N, N, N, N, янгн«Ѕ Џ«г… жб«Џ÷жн… [PHCC 121],PHCC 121, «бЁ’б «б’нЁн  2024/2025, , , »я«бж—нж” Ён «б’нѕб… ж «бянгн«Ѕ «б’нѕб«дн…, , г Ўб»«  «б‘е«ѕ… «б≈ћ»«—н… (116),degree_required, г Ўб»«  «б‘е«ѕ… «б≈ћ»«—н… (»я«бж—нж” Ён «б’нѕб… ж «бянгн«Ѕ «б’нѕб«дн…), ,1,2, янгн«Ѕ Џ«г… жб«Џ÷жн… [PHCC 121]
39, PHPC 446, Pharmacognosy 1, Џё«ён— жянгн«Ѕ Џё«ён— 1,3, PHPC446,3,3, ябн… «б’нѕб…, ё”г «бЏё«ён— жянгн«Ѕ «бЏё«ён—, Pharmacognosy 1, Џё«ён— жянгн«Ѕ Џё«ён— 1, дў—н ж Џгбн, ”д… Ћ«дн…, , , N, N, N, N, »нжбжћн« 1 [PHBM 149],PHBM 149, «бЁ’б «бЋ«дн  2024/2025, , , »я«бж—нж” Ён «б’нѕб… ж «бянгн«Ѕ «б’нѕб«дн…, , г Ўб»«  «б‘е«ѕ… «б≈ћ»«—н… (116),degree_required, г Ўб»«  «б‘е«ѕ… «б≈ћ»«—н… (»я«бж—нж” Ён «б’нѕб… ж «бянгн«Ѕ «б’нѕб«дн…), ,2,2, »нжбжћн« 1 [PHBM 149]
40, PHPC 545, Pharmacognosy 2, Џё«ён— жянгн«Ѕ Џё«ён— 2,3, PHPC545,3,3, ябн… «б’нѕб…, ё”г «бЏё«ён— жянгн«Ѕ «бЏё«ён—, Pharmacognosy 2, Џё«ён— жянгн«Ѕ Џё«ён— 2, дў—н ж Џгбн, ”д… Ћ«бЋ…, , , N, N, N, N, Џё«ён— жянгн«Ѕ Џё«ён— 1 [PHPC 446],PHPC 446, «бЁ’б «б’нЁн  2024/2025, , , »я«бж—нж” Ён «б’нѕб… ж «бянгн«Ѕ «б’нѕб«дн…, , г Ўб»«  «б‘е«ѕ… «б≈ћ»«—н… (116),degree_required, г Ўб»«  «б‘е«ѕ… «б≈ћ»«—н… (»я«бж—нж” Ён «б’нѕб… ж «бянгн«Ѕ «б’нѕб«дн…), ,3,1, Џё«ён— жянгн«Ѕ Џё«ён— 1 [PHPC 446]
41, PHPP 543, Pharmacology- I, Џбг «б√ѕжн… 1,3, PHPP543,3,3, ябн… «б’нѕб…, ё”г Џбг «б√ѕжн… ж«б”гжг, Pharmacology- I, Џбг «б√ѕжн… 1, дў—н ж Џгбн, ”д… Ћ«бЋ…, , , N, N, N, N, Ён“нжбжћн« жЁн“нжбжћн« г—÷н… [PHR 319],PHR 319, «бЁ’б «б’нЁн  2024/2025, , , »я«бж—нж” Ён «б’нѕб… ж «бянгн«Ѕ «б’нѕб«дн…, , г Ўб»«  «б‘е«ѕ… «б≈ћ»«—н… (116),degree_required, г Ўб»«  «б‘е«ѕ… «б≈ћ»«—н… (»я«бж—нж” Ён «б’нѕб… ж «бянгн«Ѕ «б’нѕб«дн…), ,3,1, Ён“нжбжћн« жЁн“нжбжћн« г—÷н… [PHR 319]
42, PHPP 642, Pharmacology-2, Џбг «б√ѕжн… 2,3, PHPP642,3,3, ябн… «б’нѕб…, ё”г Џбг «б√ѕжн… ж«б”гжг, Pharmacology-2, Џбг «б√ѕжн… 2, дў—н ж Џгбн, ”д… Ћ«бЋ…, , , N, N, N, N, Џбг «б√ѕжн… 1 [PHPP 543],PHPP 543, «бЁ’б «б’нЁн  2024/2025, , , »я«бж—нж” Ён «б’нѕб… ж «бянгн«Ѕ «б’нѕб«дн…, , г Ўб»«  «б‘е«ѕ… «б≈ћ»«—н… (116),degree_required, г Ўб»«  «б‘е«ѕ… «б≈ћ»«—н… (»я«бж—нж” Ён «б’нѕб… ж «бянгн«Ѕ «б’нѕб«дн…), ,3,2, Џбг «б√ѕжн… 1 [PHPP 543]
43, PHPP 741, General Toxicology, Џбг «б”гжг «бЏ«г,3, PHPP741,3,3, ябн… «б’нѕб…, ё”г Џбг «б√ѕжн… ж«б”гжг, General Toxicology, Џбг «б”гжг «бЏ«г, дў—н ж Џгбн, ”д… —«»Џ…, , , N, N, N, N, Џбг «б√ѕжн… 2 [PHPP 642],PHPP 642, «бЁ’б «б’нЁн  2024/2025, , , »я«бж—нж” Ён «б’нѕб… ж «бянгн«Ѕ «б’нѕб«дн…, , г Ўб»«  «б‘е«ѕ… «б≈ћ»«—н… (116),degree_required, г Ўб»«  «б‘е«ѕ… «б≈ћ»«—н… (»я«бж—нж” Ён «б’нѕб… ж «бянгн«Ѕ «б’нѕб«дн…), ,4,1, Џбг «б√ѕжн… 2 [PHPP 642]
44, PHPP 839, Applied and Forensic Toxicology, ”гжг  Ў»нён… жћд«∆н…,3, PHPP839,3,3, ябн… «б’нѕб…, ё”г Џбг «б√ѕжн… ж«б”гжг, Applied and Forensic Toxicology, ”гжг  Ў»нён… жћд«∆н…, дў—н, ”д… —«»Џ…, , , N, N, N, N, Џбг «б”гжг «бЏ«г [PHPP 741],PHPP 741, «бЁ’б «б’нЁн  2024/2025, , , »я«бж—нж” Ён «б’нѕб… ж «бянгн«Ѕ «б’нѕб«дн…, , г Ўб»«  «б‘е«ѕ… «б≈ћ»«—н… (116),degree_required, г Ўб»«  «б‘е«ѕ… «б≈ћ»«—н… (»я«бж—нж” Ён «б’нѕб… ж «бянгн«Ѕ «б’нѕб«дн…), ,4,2, Џбг «б”гжг «бЏ«г [PHPP 741]
45, PHPP 840, Clinical Prmacotherapeutics, Џб«ћн«  ”—н—н…,2, PHPP840,2,2, ябн… «б’нѕб…, ё”г Џбг «б√ѕжн… ж«б”гжг, Clinical Prmacotherapeutics, Џб«ћн«  ”—н—н…, дў—н, ”д… —«»Џ…, , , N, N, N, N, Џбг «б√ѕжн… 2 [PHPP 642],PHPP 642, «бЁ’б «б’нЁн  2024/2025, , , »я«бж—нж” Ён «б’нѕб… ж «бянгн«Ѕ «б’нѕб«дн…, , г Ўб»«  «б‘е«ѕ… «б≈ћ»«—н… (116),degree_required, г Ўб»«  «б‘е«ѕ… «б≈ћ»«—н… (»я«бж—нж” Ён «б’нѕб… ж «бянгн«Ѕ «б’нѕб«дн…), ,4,2, Џбг «б√ѕжн… 2 [PHPP 642]
46, PHPT 030, Clinical and Hospital Pharmacy, ’нѕб… ”—н—н… ж’нѕб… г” ‘Ён« ,3, PHPT030,3,3, ябн… «б’нѕб…, ё”г «б’нѕб«дн«  ж«б яджбжћн« «б’нѕб«дн…, Clinical and Hospital Pharmacy, ’нѕб… ”—н—н… ж’нѕб… г” ‘Ён« , дў—н ж Џгбн, ”д… ќ«г”…, , , N, N, N, N, ’нѕб… Ќнжн… жЌ—«∆я «бѕж«Ѕ [PHPT 833],PHPT 833, «бЁ’б «б’нЁн  2024/2025, , , »я«бж—нж” Ён «б’нѕб… ж «бянгн«Ѕ «б’нѕб«дн…, , г Ўб»«  «б‘е«ѕ… «б≈ћ»«—н… (116),degree_required, г Ўб»«  «б‘е«ѕ… «б≈ћ»«—н… (»я«бж—нж” Ён «б’нѕб… ж «бянгн«Ѕ «б’нѕб«дн…), ,5,2, ’нѕб… Ќнжн… жЌ—«∆я «бѕж«Ѕ [PHPT 833]
47, PHPT 337, Introduction to Pharmacy, гѕќб «бм «б’нѕб…,2, PHPT337,2,2, ябн… «б’нѕб…, ё”г «б’нѕб«дн«  ж«б яджбжћн« «б’нѕб«дн…, Introduction to Pharmacy, гѕќб «бм «б’нѕб…, дў—н, ”д… Ћ«дн…, , , N, N, N, N, ,, «бЁ’б «бЋ«дн  2024/2025, , , »я«бж—нж” Ён «б’нѕб… ж «бянгн«Ѕ «б’нѕб«дн…, , г Ўб»«  «б‘е«ѕ… «б≈ћ»«—н… (116),degree_required, г Ўб»«  «б‘е«ѕ… «б≈ћ»«—н… (»я«бж—нж” Ён «б’нѕб… ж «бянгн«Ѕ «б’нѕб«дн…), ,2,1, 
48, PHPT 436, Pharmaceutics 1, ’нѕб«дн«  1,3, PHPT436,3,3, ябн… «б’нѕб…, ё”г «б’нѕб«дн«  ж«б яджбжћн« «б’нѕб«дн…, Pharmaceutics 1, ’нѕб«дн«  1, дў—н ж Џгбн, ”д… Ћ«дн…, , , N, N, N, N, гѕќб «бм «б’нѕб… [PHPT 337],PHPT 337, «бЁ’б «б’нЁн  2024/2025, , , »я«бж—нж” Ён «б’нѕб… ж «бянгн«Ѕ «б’нѕб«дн…, , г Ўб»«  «б‘е«ѕ… «б≈ћ»«—н… (116),degree_required, г Ўб»«  «б‘е«ѕ… «б≈ћ»«—н… (»я«бж—нж” Ён «б’нѕб… ж «бянгн«Ѕ «б’нѕб«дн…), ,2,2, гѕќб «бм «б’нѕб… [PHPT 337]
49, PHPT 535, Pharmaceutics 2, ’нѕб«дн«  2,3, PHPT535,3,3, ябн… «б’нѕб…, ё”г «б’нѕб«дн«  ж«б яджбжћн« «б’нѕб«дн…, Pharmaceutics 2, ’нѕб«дн«  2, дў—н ж Џгбн, ”д… Ћ«бЋ…, , , N, N, N, N, ’нѕб«дн«  1 [PHPT 436],PHPT 436, «бЁ’б «б’нЁн  2024/2025, , , »я«бж—нж” Ён «б’нѕб… ж «бянгн«Ѕ «б’нѕб«дн…, , г Ўб»«  «б‘е«ѕ… «б≈ћ»«—н… (116),degree_required, г Ўб»«  «б‘е«ѕ… «б≈ћ»«—н… (»я«бж—нж” Ён «б’нѕб… ж «бянгн«Ѕ «б’нѕб«дн…), ,3,1, ’нѕб«дн«  1 [PHPT 436]
50, PHPT 638, Pharmaceutical Technology,  яджбжћн« ’нѕб«дн…,3, PHPT638,3,3, ябн… «б’нѕб…, ё”г «б’нѕб«дн«  ж«б яджбжћн« «б’нѕб«дн…, Pharmaceutical Technology,  яджбжћн« ’нѕб«дн…, дў—н ж Џгбн, ”д… Ћ«бЋ…, , , N, N, N, N, ’нѕб«дн«  2 [PHPT 535],PHPT 535, «бЁ’б «б’нЁн  2024/2025, , , »я«бж—нж” Ён «б’нѕб… ж «бянгн«Ѕ «б’нѕб«дн…, , г Ўб»«  «б‘е«ѕ… «б≈ћ»«—н… (116),degree_required, г Ўб»«  «б‘е«ѕ… «б≈ћ»«—н… (»я«бж—нж” Ён «б’нѕб… ж «бянгн«Ѕ «б’нѕб«дн…), ,3,2, ’нѕб«дн«  2 [PHPT 535]
51, PHPT 734, Industrial Pharmacy, ’нѕб… ’д«Џн…,3, PHPT734,3,3, ябн… «б’нѕб…, ё”г «б’нѕб«дн«  ж«б яджбжћн« «б’нѕб«дн…, Industrial Pharmacy, ’нѕб… ’д«Џн…, дў—н ж Џгбн, ”д… —«»Џ…, , , N, N, N, N,  яджбжћн« ’нѕб«дн… [PHPT 638],PHPT 638, «бЁ’б «б’нЁн  2024/2025, , , »я«бж—нж” Ён «б’нѕб… ж «бянгн«Ѕ «б’нѕб«дн…, , г Ўб»«  «б‘е«ѕ… «б≈ћ»«—н… (116),degree_required, г Ўб»«  «б‘е«ѕ… «б≈ћ»«—н… (»я«бж—нж” Ён «б’нѕб… ж «бянгн«Ѕ «б’нѕб«дн…), ,4,1,  яджбжћн« ’нѕб«дн… [PHPT 638]
52, PHPT 833, Biopharmaceutics and Pharmacokinetics, ’нѕб… Ќнжн… жЌ—«∆я «бѕж«Ѕ,3, PHPT833,3,3, ябн… «б’нѕб…, ё”г «б’нѕб«дн«  ж«б яджбжћн« «б’нѕб«дн…, Biopharmaceutics and Pharmacokinetics, ’нѕб… Ќнжн… жЌ—«∆я «бѕж«Ѕ, дў—н ж Џгбн, ”д… —«»Џ…, , , N, N, N, N, ’нѕб… ’д«Џн… [PHPT 734],PHPT 734, «бЁ’б «б’нЁн  2024/2025, , , »я«бж—нж” Ён «б’нѕб… ж «бянгн«Ѕ «б’нѕб«дн…, , г Ўб»«  «б‘е«ѕ… «б≈ћ»«—н… (116),degree_required, г Ўб»«  «б‘е«ѕ… «б≈ћ»«—н… (»я«бж—нж” Ён «б’нѕб… ж «бянгн«Ѕ «б’нѕб«дн…), ,4,2, ’нѕб… ’д«Џн… [PHPT 734]
53, PHPT 931, Pharmaceutical Microbiology, гня—ж»нжбжћн« ћ—Ћжгн…,3, PHPT931,3,3, ябн… «б’нѕб…, ё”г «б’нѕб«дн«  ж«б яджбжћн« «б’нѕб«дн…, Pharmaceutical Microbiology, гня—ж»нжбжћн« ћ—Ћжгн…, дў—н ж Џгбн, ”д… ќ«г”…, , , N, N, N, N," ’нѕб… ’д«Џн… [PHPT 734], гня—ж»нжбжћн« 1 [PHBM 654]","PHPT 734,PHBM 654", «бЁ’б «б’нЁн  2024/2025, , , »я«бж—нж” Ён «б’нѕб… ж «бянгн«Ѕ «б’нѕб«дн…, , г Ўб»«  «б‘е«ѕ… «б≈ћ»«—н… (116),degree_required, г Ўб»«  «б‘е«ѕ… «б≈ћ»«—н… (»я«бж—нж” Ён «б’нѕб… ж «бянгн«Ѕ «б’нѕб«дн…), ,5,1," ’нѕб… ’д«Џн… [PHPT 734], гня—ж»нжбжћн« 1 [PHBM 654]"
54, PHPT 932, Pharmacy radioactive, «б’нѕб… «б≈‘Џ«Џн…,2, PHPT932,2,2, ябн… «б’нѕб…, ё”г «б’нѕб«дн«  ж«б яджбжћн« «б’нѕб«дн…, Pharmacy radioactive, «б’нѕб… «б≈‘Џ«Џн…, дў—н, ”д… ќ«г”…, , , N, N, N, N," янгн«Ѕ Џ«г… жб«Џ÷жн… [PHCC 121], янгн«Ѕ Ён“н«∆н… ’нѕб«дн… [PHAC 358]","PHCC 121,PHAC 358", «бЁ’б «б’нЁн  2024/2025, , , »я«бж—нж” Ён «б’нѕб… ж «бянгн«Ѕ «б’нѕб«дн…, , г Ўб»«  «б‘е«ѕ… «б≈ћ»«—н… (116),degree_required, г Ўб»«  «б‘е«ѕ… «б≈ћ»«—н… (»я«бж—нж” Ён «б’нѕб… ж «бянгн«Ѕ «б’нѕб«дн…), ,5,1," янгн«Ѕ Џ«г… жб«Џ÷жн… [PHCC 121], янгн«Ѕ Ён“н«∆н… ’нѕб«дн… [PHAC 358]"
55, PHR 015, English Scientific Composition, «б≈д‘«Ѕ «бЏбгн »«ббџ… «б≈дябн“н…,2, PHRF015,2,2, ябн… «б’нѕб…, ё”г ябн… «б’нѕб…, English Scientific Composition, «б≈д‘«Ѕ «бЏбгн »«ббџ… «б≈дябн“н…, дў—н, ”д… ќ«г”…, , , N, N, N, N," «ббџ… «б≈дябн“н… (3) [PHR 310], г’ЎбЌ«  ’нѕб«дн… »«ббџ… «б≈дябн“н… [PHE3]","PHR 310,PHE3", «бЁ’б «б’нЁн  2024/2025, , , »я«бж—нж” Ён «б’нѕб… ж «бянгн«Ѕ «б’нѕб«дн…, ябн… «б’нѕб…, г Ўб»«  «бябн… «б≈ћ»«—н… (32),college_required, г Ўб»«  «бябн… «б≈ћ»«—н… (ябн… «б’нѕб…), ,5,2," «ббџ… «б≈дябн“н… (3) [PHR 310], г’ЎбЌ«  ’нѕб«дн… »«ббџ… «б≈дябн“н… [PHE3]"
56, PHR 016," History, Ethics and Legislation",  «—нќ ж√ќб«ён«  ж ‘—нЏ«  «б’нѕб…,2, PHRF016,2,2, ябн… «б’нѕб…, ё”г ябн… «б’нѕб…," History, Ethics and Legislation",  «—нќ ж√ќб«ён«  ж ‘—нЏ«  «б’нѕб…, дў—н, ”д… ќ«г”…,80, , N, N, N, N, ,, «бЁ’б «б’нЁн  2024/2025, , , »я«бж—нж” Ён «б’нѕб… ж «бянгн«Ѕ «б’нѕб«дн…, ябн… «б’нѕб…, г Ўб»«  «бябн… «б≈ћ»«—н… (32),college_required, г Ўб»«  «бябн… «б≈ћ»«—н… (ябн… «б’нѕб…),80,5,2, 
57, PHR 017, First Aid, ≈”Џ«Ё √жбн,2, PHRF017,2,2, ябн… «б’нѕб…, ё”г ябн… «б’нѕб…, First Aid, ≈”Џ«Ё √жбн, дў—н, ”д… ќ«г”…, , , N, N, N, N, Џбг «б√г—«÷ [PHR 512],PHR 512, «бЁ’б «б’нЁн  2024/2025, , , »я«бж—нж” Ён «б’нѕб… ж «бянгн«Ѕ «б’нѕб«дн…, ябн… «б’нѕб…, г Ўб»«  «бябн… «б≈ћ»«—н… (32),college_required, г Ўб»«  «бябн… «б≈ћ»«—н… (ябн… «б’нѕб…), ,5,2, Џбг «б√г—«÷ [PHR 512]
58, PHR 104, Mathematics, —н«÷н« ,2, PHRF104,2,2, ябн… «б’нѕб…, ё”г ябн… «б’нѕб…, Mathematics, —н«÷н« , дў—н, ”д… √жбм, , , N, N, N, N, ,, «бЁ’б «бЋ«дн  2024/2025, , , »я«бж—нж” Ён «б’нѕб… ж «бянгн«Ѕ «б’нѕб«дн…, ябн… «б’нѕб…, г Ўб»«  «бябн… «б≈ћ»«—н… (32),college_required, г Ўб»«  «бябн… «б≈ћ»«—н… (ябн… «б’нѕб…), ,1,1, 
59, PHR 206, General Physics, Ён“н«Ѕ Џ«г…,3, PHRF206,3,3, ябн… «б’нѕб…, ё”г ябн… «б’нѕб…, General Physics, Ён“н«Ѕ Џ«г…, дў—н ж Џгбн, ”д… √жбм, , , N, N, N, N, ,, «бЁ’б «бЋ«дн  2024/2025, , , »я«бж—нж” Ён «б’нѕб… ж «бянгн«Ѕ «б’нѕб«дн…, ябн… «б’нѕб…, г Ўб»«  «бябн… «б≈ћ»«—н… (32),college_required, г Ўб»«  «бябн… «б≈ћ»«—н… (ябн… «б’нѕб…), ,1,2, 
60, PHR 208, Bioststistcs, ≈Ќ’«Ѕ Ќнжн,2, PHRF208,2,2, ябн… «б’нѕб…, ё”г ябн… «б’нѕб…, Bioststistcs, ≈Ќ’«Ѕ Ќнжн, дў—н, ”д… √жбм, , , N, N, N, N, —н«÷н«  [PHR 104],PHR 104, «бЁ’б «б’нЁн  2024/2025, , , »я«бж—нж” Ён «б’нѕб… ж «бянгн«Ѕ «б’нѕб«дн…, ябн… «б’нѕб…, г Ўб»«  «бябн… «б≈ћ»«—н… (32),college_required, г Ўб»«  «бябн… «б≈ћ»«—н… (ябн… «б’нѕб…), ,1,2, —н«÷н«  [PHR 104]
